url,label,source,category
https://google.com,benign,manual_seed,search
https://www.google.com,benign,manual_seed,search
https://mail.google.com,benign,manual_seed,email
https://drive.google.com,benign,manual_seed,storage
https://maps.google.com,benign,manual_seed,maps
https://github.com,benign,manual_seed,developer
https://docs.github.com,benign,manual_seed,developer
https://gist.github.com,benign,manual_seed,developer
https://api.github.com,benign,manual_seed,developer
https://github.blog,benign,manual_seed,developer
https://chatgpt.com,benign,manual_seed,ai
https://openai.com,benign,manual_seed,ai
https://platform.openai.com,benign,manual_seed,ai
https://help.openai.com,benign,manual_seed,ai
https://auth.openai.com,benign,manual_seed,ai
https://wikipedia.org,benign,manual_seed,knowledge
https://en.wikipedia.org,benign,manual_seed,knowledge
https://tr.wikipedia.org,benign,manual_seed,knowledge
https://wikimedia.org,benign,manual_seed,knowledge
https://commons.wikimedia.org,benign,manual_seed,knowledge
https://microsoft.com,benign,manual_seed,productivity
https://www.microsoft.com,benign,manual_seed,productivity
https://login.microsoftonline.com,benign,manual_seed,auth
https://office.com,benign,manual_seed,productivity
https://outlook.live.com,benign,manual_seed,email
https://apple.com,benign,manual_seed,consumer
https://www.apple.com,benign,manual_seed,consumer
https://icloud.com,benign,manual_seed,consumer
https://support.apple.com,benign,manual_seed,support
https://developer.apple.com,benign,manual_seed,developer
https://linkedin.com,benign,manual_seed,social
https://www.linkedin.com,benign,manual_seed,social
https://login.linkedin.com,benign,manual_seed,auth
https://business.linkedin.com,benign,manual_seed,business
https://learning.linkedin.com,benign,manual_seed,learning
https://youtube.com,benign,manual_seed,video
https://www.youtube.com,benign,manual_seed,video
https://studio.youtube.com,benign,manual_seed,video
https://music.youtube.com,benign,manual_seed,video
https://m.youtube.com,benign,manual_seed,video
https://amazon.com,benign,manual_seed,ecommerce
https://www.amazon.com,benign,manual_seed,ecommerce
https://amazon.de,benign,manual_seed,ecommerce
https://amazon.co.uk,benign,manual_seed,ecommerce
https://amazon.com.tr,benign,manual_seed,ecommerce
https://facebook.com,benign,manual_seed,social
https://www.facebook.com,benign,manual_seed,social
https://fb.com,benign,manual_seed,social
https://messenger.com,benign,manual_seed,social
https://developers.facebook.com,benign,manual_seed,developer
https://instagram.com,benign,manual_seed,social
https://www.instagram.com,benign,manual_seed,social
https://help.instagram.com,benign,manual_seed,support
https://about.instagram.com,benign,manual_seed,about
https://business.instagram.com,benign,manual_seed,business
https://whatsapp.com,benign,manual_seed,messaging
https://www.whatsapp.com,benign,manual_seed,messaging
https://web.whatsapp.com,benign,manual_seed,messaging
https://faq.whatsapp.com,benign,manual_seed,support
https://wa.me,benign,manual_seed,messaging
https://paypal.com,benign,manual_seed,payment
https://www.paypal.com,benign,manual_seed,payment
https://developer.paypal.com,benign,manual_seed,developer
https://www.paypalobjects.com,benign,manual_seed,payment
https://paypal-community.com,benign,manual_seed,community
https://reddit.com,benign,manual_seed,social
https://www.reddit.com,benign,manual_seed,social
https://old.reddit.com,benign,manual_seed,social
https://help.reddithelp.com,benign,manual_seed,support
https://redditinc.com,benign,manual_seed,about
https://stackoverflow.com,benign,manual_seed,developer
https://stackexchange.com,benign,manual_seed,developer
https://superuser.com,benign,manual_seed,developer
https://serverfault.com,benign,manual_seed,developer
https://askubuntu.com,benign,manual_seed,developer
https://mozilla.org,benign,manual_seed,browser
https://www.mozilla.org,benign,manual_seed,browser
https://support.mozilla.org,benign,manual_seed,support
https://developer.mozilla.org,benign,manual_seed,developer
https://addons.mozilla.org,benign,manual_seed,browser
https://cloudflare.com,benign,manual_seed,infrastructure
https://www.cloudflare.com,benign,manual_seed,infrastructure
https://dash.cloudflare.com,benign,manual_seed,infrastructure
https://developers.cloudflare.com,benign,manual_seed,developer
https://blog.cloudflare.com,benign,manual_seed,blog
https://dropbox.com,benign,manual_seed,storage
https://www.dropbox.com,benign,manual_seed,storage
https://help.dropbox.com,benign,manual_seed,support
https://paper.dropbox.com,benign,manual_seed,storage
https://blog.dropbox.com,benign,manual_seed,blog
https://notion.so,benign,manual_seed,productivity
https://www.notion.so,benign,manual_seed,productivity
https://developers.notion.com,benign,manual_seed,developer
https://www.notion.com,benign,manual_seed,productivity
https://calendar.google.com,benign,manual_seed,productivity
https://news.ycombinator.com,benign,manual_seed,news
https://nytimes.com,benign,manual_seed,news
https://www.nytimes.com,benign,manual_seed,news
https://bbc.com,benign,manual_seed,news
https://www.bbc.com,benign,manual_seed,news
https://www.isbank.com.tr,benign,manual_seed,bank
https://online.isbank.com.tr,benign,manual_seed,bank
https://www.ziraatbank.com.tr,benign,manual_seed,bank
https://sube.ziraatbank.com.tr,benign,manual_seed,bank
https://www.garantibbva.com.tr,benign,manual_seed,bank
https://internet.garantibbva.com.tr,benign,manual_seed,bank
https://www.akbank.com,benign,manual_seed,bank
https://direct.akbank.com,benign,manual_seed,bank
https://www.yapikredi.com.tr,benign,manual_seed,bank
https://sube.yapikredi.com.tr,benign,manual_seed,bank
https://www.paypal.com/tr/home,benign,manual_seed,payment
https://www.paypal.com/signin,benign,manual_seed,payment
https://secure.paypal.com/login,benign,manual_seed,payment
https://checkout.stripe.com,benign,manual_seed,payment
https://dashboard.stripe.com,benign,manual_seed,payment
https://www.trendyol.com,benign,manual_seed,ecommerce
https://www.trendyol.com/giris,benign,manual_seed,ecommerce
https://www.hepsiburada.com,benign,manual_seed,ecommerce
https://www.hepsiburada.com/hesabim,benign,manual_seed,ecommerce
https://www.n11.com,benign,manual_seed,ecommerce
https://www.n11.com/uye-giris,benign,manual_seed,ecommerce
https://www.amazon.com/s?k=laptop,benign,manual_seed,ecommerce
https://www.amazon.com/gp/cart/view.html,benign,manual_seed,ecommerce
https://www.ebay.com,benign,manual_seed,ecommerce
https://signin.ebay.com,benign,manual_seed,ecommerce
https://www.aliexpress.com,benign,manual_seed,ecommerce
https://login.aliexpress.com,benign,manual_seed,ecommerce
https://facebook.com/login,benign,manual_seed,social
https://instagram.com/accounts/login,benign,manual_seed,social
https://twitter.com/login,benign,manual_seed,social
https://linkedin.com/login,benign,manual_seed,social
https://accounts.google.com/signin,benign,manual_seed,auth
https://login.microsoftonline.com/common/oauth2,benign,manual_seed,auth
https://appleid.apple.com,benign,manual_seed,auth
https://github.com/login,benign,manual_seed,developer
https://gitlab.com/users/sign_in,benign,manual_seed,developer
https://bitbucket.org/account/signin,benign,manual_seed,developer
https://www.google.com/search?q=cyber+security+tools,benign,manual_seed,search
https://www.youtube.com/watch?v=dQw4w9WgXcQ,benign,manual_seed,video
https://www.wikipedia.org/wiki/Computer_security,benign,manual_seed,knowledge
https://www.reddit.com/r/cybersecurity/comments/abc123/example,benign,manual_seed,social
https://stackoverflow.com/questions/12345/example-question,benign,manual_seed,developer
https://medium.com/@user/example-article,benign,manual_seed,blog
https://www.bbc.com/news/world-12345678,benign,manual_seed,news
https://www.nytimes.com/2024/01/01/technology/example.html,benign,manual_seed,news
https://cdn.jsdelivr.net/npm/bootstrap@5.0.2/dist/css/bootstrap.min.css,benign,manual_seed,cdn
https://cdnjs.cloudflare.com/ajax/libs/jquery/3.6.0/jquery.min.js,benign,manual_seed,cdn
https://fonts.googleapis.com/css?family=Roboto,benign,manual_seed,cdn
https://static.cloudflareinsights.com/beacon.min.js,benign,manual_seed,cdn
https://ajax.googleapis.com/ajax/libs/angularjs/1.8.2/angular.min.js,benign,manual_seed,cdn
https://api.github.com/repos,benign,manual_seed,api
https://api.openai.com/v1/models,benign,manual_seed,api
https://cloud.google.com/apis,benign,manual_seed,cloud
https://firebase.googleapis.com/v1/projects,benign,manual_seed,cloud
https://api.stripe.com/v1/charges,benign,manual_seed,api
https://api.twilio.com/2010-04-01/Accounts,benign,manual_seed,api
https://www.python.org/ftp/python/3.11.0/python-3.11.exe,benign,manual_seed,download
https://nodejs.org/dist/v18.0.0/node-v18.0.0-x64.msi,benign,manual_seed,download
https://download.mozilla.org/firefox.exe,benign,manual_seed,download
https://dl.google.com/chrome/install/GoogleChrome.exe,benign,manual_seed,download
https://www.mit.edu,benign,manual_seed,education
https://ocw.mit.edu,benign,manual_seed,education
https://www.stanford.edu,benign,manual_seed,education
https://online.stanford.edu,benign,manual_seed,education
https://www.harvard.edu,benign,manual_seed,education
https://pll.harvard.edu,benign,manual_seed,education
https://www.coursera.org,benign,manual_seed,education
https://www.coursera.org/login,benign,manual_seed,education
https://www.udemy.com,benign,manual_seed,education
https://www.udemy.com/join/login-popup,benign,manual_seed,education
https://www.edx.org,benign,manual_seed,education
https://www.khanacademy.org,benign,manual_seed,education
https://www.duolingo.com,benign,manual_seed,education
https://www.codecademy.com,benign,manual_seed,education
https://www.freecodecamp.org,benign,manual_seed,education
https://docs.docker.com,benign,manual_seed,developer
https://hub.docker.com,benign,manual_seed,developer
https://developer.chrome.com,benign,manual_seed,developer
https://developer.android.com,benign,manual_seed,developer
https://developer.apple.com/documentation,benign,manual_seed,developer
https://react.dev,benign,manual_seed,developer
https://nextjs.org,benign,manual_seed,developer
https://vuejs.org,benign,manual_seed,developer
https://angular.io,benign,manual_seed,developer
https://expressjs.com,benign,manual_seed,developer
https://fastapi.tiangolo.com,benign,manual_seed,developer
https://flask.palletsprojects.com,benign,manual_seed,developer
https://docs.djangoproject.com,benign,manual_seed,developer
https://spring.io,benign,manual_seed,developer
https://kubernetes.io,benign,manual_seed,developer
https://aws.amazon.com,benign,manual_seed,cloud
https://console.aws.amazon.com,benign,manual_seed,cloud
https://docs.aws.amazon.com,benign,manual_seed,cloud
https://azure.microsoft.com/en-us,benign,manual_seed,cloud
https://portal.azure.com/#home,benign,manual_seed,cloud
https://cloud.google.com/compute,benign,manual_seed,cloud
https://console.cloud.google.com,benign,manual_seed,cloud
https://www.cloudflarestatus.com,benign,manual_seed,cloud
https://status.heroku.com,benign,manual_seed,cloud
https://status.aws.amazon.com,benign,manual_seed,cloud
https://vercel.com/dashboard,benign,manual_seed,cloud
https://app.netlify.com,benign,manual_seed,cloud
https://www.reuters.com,benign,manual_seed,news
https://www.theguardian.com,benign,manual_seed,news
https://edition.cnn.com,benign,manual_seed,news
https://www.aljazeera.com,benign,manual_seed,news
https://www.anadoluajansi.com.tr,benign,manual_seed,news
https://www.resmigazete.gov.tr,benign,manual_seed,government
https://www.turkiye.gov.tr,benign,manual_seed,government
https://www.meb.gov.tr,benign,manual_seed,government
https://www.saglik.gov.tr,benign,manual_seed,government
https://www.nasa.gov,benign,manual_seed,science
https://www.esa.int,benign,manual_seed,science
https://www.nih.gov,benign,manual_seed,science
https://open.spotify.com,benign,manual_seed,media
https://accounts.spotify.com/en/login,benign,manual_seed,media
https://soundcloud.com,benign,manual_seed,media
https://vimeo.com,benign,manual_seed,media
https://www.netflix.com,benign,manual_seed,media
https://www.netflix.com/login,benign,manual_seed,media
https://www.twitch.tv,benign,manual_seed,media
https://www.tiktok.com,benign,manual_seed,media
https://music.apple.com,benign,manual_seed,media
https://tv.youtube.com,benign,manual_seed,media
https://web.telegram.org,benign,manual_seed,messaging
https://telegram.org,benign,manual_seed,messaging
https://discord.com,benign,manual_seed,messaging
https://discord.com/login,benign,manual_seed,messaging
https://slack.com,benign,manual_seed,messaging
https://app.slack.com,benign,manual_seed,messaging
https://zoom.us,benign,manual_seed,communication
https://us05web.zoom.us,benign,manual_seed,communication
https://meet.google.com,benign,manual_seed,communication
https://teams.microsoft.com,benign,manual_seed,communication
https://www.booking.com,benign,manual_seed,travel
https://www.airbnb.com,benign,manual_seed,travel
https://www.skyscanner.net,benign,manual_seed,travel
https://www.tripadvisor.com,benign,manual_seed,travel
https://www.expedia.com,benign,manual_seed,travel
https://www.uber.com,benign,manual_seed,transport
https://www.yelp.com,benign,manual_seed,travel
https://www.google.com/travel,benign,manual_seed,travel
https://maps.apple.com,benign,manual_seed,maps
https://www.openstreetmap.org,benign,manual_seed,maps
https://onedrive.live.com,benign,manual_seed,storage
https://www.office.com/launch/word,benign,manual_seed,productivity
https://www.office.com/launch/excel,benign,manual_seed,productivity
https://calendar.google.com/calendar/u/0/r,benign,manual_seed,productivity
https://docs.google.com/document,benign,manual_seed,productivity
https://docs.google.com/spreadsheets,benign,manual_seed,productivity
https://docs.google.com/presentation,benign,manual_seed,productivity
https://keep.google.com,benign,manual_seed,productivity
https://trello.com,benign,manual_seed,productivity
https://asana.com,benign,manual_seed,productivity
https://miro.com,benign,manual_seed,productivity
https://figma.com,benign,manual_seed,productivity
https://www.figma.com/files,benign,manual_seed,productivity
https://canva.com,benign,manual_seed,productivity
https://accounts.google.com/ServiceLogin?service=mail,benign,manual_seed,auth
https://github.com/session,benign,manual_seed,developer
https://www.linkedin.com/checkpoint/lg/sign-in-another-account,benign,manual_seed,auth
https://login.microsoftonline.com/common/oauth2/v2.0/authorize,benign,manual_seed,auth
https://appleid.apple.com/sign-in,benign,manual_seed,auth
https://www.paypal.com/signin?country.x=TR&locale.x=tr_TR,benign,manual_seed,payment
https://www.amazon.com/ap/signin,benign,manual_seed,ecommerce
https://www.netflix.com/login?nextpage=https%3A%2F%2Fwww.netflix.com%2Fbrowse,benign,manual_seed,media
https://discord.com/channels/@me,benign,manual_seed,messaging
https://app.slack.com/client,benign,manual_seed,messaging
https://web.whatsapp.com/%F0%9F%8C%90/en,benign,manual_seed,messaging
https://drive.google.com/drive/my-drive,benign,manual_seed,storage
https://console.cloud.google.com/apis/dashboard,benign,manual_seed,cloud